"roll","jawShiftPixels","symmetry","geometry","presentation","overall"
"-12","0","100","83","75","82"
"-12","3.6","100","83","75","82"
"-12","7.2","100","83","75","82"
"-12","10.8","99","82","75","81"
"-12","14.4","99","82","75","81"
"-12","18","99","81","75","81"
"-6","0","100","85","80","85"
"-6","3.6","100","84","80","84"
"-6","7.2","100","84","80","84"
"-6","10.8","99","83","80","83"
"-6","14.4","99","83","80","83"
"-6","18","99","83","80","83"
"0","0","100","86","85","87"
"0","3.6","100","86","85","87"
"0","7.2","100","86","85","86"
"0","10.8","99","85","85","86"
"0","14.4","99","85","85","85"
"0","18","99","84","85","85"
"6","0","100","85","80","85"
"6","3.6","100","84","80","84"
"6","7.2","100","84","80","84"
"6","10.8","99","83","80","83"
"6","14.4","99","83","80","83"
"6","18","99","83","80","83"
"12","0","100","83","75","82"
"12","3.6","100","83","75","82"
"12","7.2","100","83","75","82"
"12","10.8","99","82","75","81"
"12","14.4","99","82","75","81"
"12","18","99","81","75","81"
